timestamp,wind_power,pv_power,load,temperature,irradiance,wind_speed
2026-04-12 00:00:00,20.843547,0.0,23.530163,17.755677,0.0,11.068489
2026-04-12 01:00:00,16.328097,0.0,21.417355,16.741761,0.0,12.209687
2026-04-12 02:00:00,14.989567,0.0,22.956349,17.869097,0.0,12.258558
2026-04-12 03:00:00,23.015771,0.0,20.810724,17.231264,0.0,12.437163
2026-04-12 04:00:00,19.522698,0.0,22.151445,17.877675,0.0,12.110531
2026-04-12 05:00:00,18.17036,0.0,21.674756,18.283812,0.0,11.966887
2026-04-12 06:00:00,21.92757,1.674923,23.018826,22.199099,29.209276,13.483172
2026-04-12 07:00:00,19.368249,4.756769,39.312417,25.613969,90.18233,12.152371
2026-04-12 08:00:00,24.126265,10.320531,38.664272,28.744881,200.896867,11.826949
2026-04-12 09:00:00,25.725294,23.851188,34.789404,31.357143,429.647268,12.620159
2026-04-12 10:00:00,28.806019,33.991468,33.906258,29.704266,604.055173,11.94208
2026-04-12 11:00:00,35.054822,34.087632,33.4931,31.731253,633.724279,11.226707
2026-04-12 12:00:00,35.597665,32.644718,34.491981,34.51684,585.911613,12.013852
2026-04-12 13:00:00,32.459276,23.220336,29.380631,31.176471,395.07101,11.677123
2026-04-12 14:00:00,34.126445,13.287631,37.36291,31.369121,238.871576,12.588698
2026-04-12 15:00:00,29.209827,5.177721,34.977846,29.555419,90.821581,11.514055
2026-04-12 16:00:00,28.597718,1.689411,35.836728,28.05112,31.915042,12.612177
2026-04-12 17:00:00,27.718149,0.40217,30.370316,21.998998,7.568484,11.439207
2026-04-12 18:00:00,22.874541,0.0,38.541778,22.079661,0.0,11.996484
2026-04-12 19:00:00,29.713762,0.0,43.9237,15.805604,0.0,11.668766
2026-04-12 20:00:00,27.981901,0.0,40.52179,14.964967,0.0,12.715382
2026-04-12 21:00:00,19.74322,0.0,31.698188,17.161635,0.0,11.869052
2026-04-12 22:00:00,14.846766,0.0,30.099186,16.658194,0.0,12.356879
2026-04-12 23:00:00,17.868095,0.0,21.645019,18.912668,0.0,11.615736
2026-04-13 00:00:00,21.029319,0.0,23.422687,18.787202,0.0,12.423849
2026-04-13 01:00:00,29.069713,0.0,21.023617,14.885276,0.0,11.666615
2026-04-13 02:00:00,26.649814,0.0,22.801202,14.603392,0.0,12.082183
2026-04-13 03:00:00,19.905547,0.0,22.386719,15.125052,0.0,12.707789
2026-04-13 04:00:00,30.659315,0.0,22.803007,21.049215,0.0,11.629467
2026-04-13 05:00:00,30.840313,0.0,21.362888,15.349009,0.45144,11.852158
2026-04-13 06:00:00,30.471439,2.989624,21.074568,21.460469,50.085583,11.225232
2026-04-13 07:00:00,37.540402,8.166832,39.045137,25.003833,149.129497,11.91871
2026-04-13 08:00:00,31.473333,16.248852,35.649553,30.941126,320.15244,12.708003
2026-04-13 09:00:00,31.985439,36.795367,33.722168,29.933464,622.606403,11.82697
2026-04-13 10:00:00,25.025379,55.887767,35.131019,30.091515,1054.524526,13.144959
2026-04-13 11:00:00,26.697464,62.0,33.480973,35.107424,1168.534712,11.970848
2026-04-13 12:00:00,33.651208,62.0,30.294769,33.843273,1155.107471,11.406081
2026-04-13 13:00:00,31.044861,52.392346,34.967613,32.63364,837.15067,11.560138
2026-04-13 14:00:00,28.109309,19.438845,36.994403,32.120738,336.13402,12.412464
2026-04-13 15:00:00,30.643405,10.203147,34.779495,27.143163,184.177078,11.715789
2026-04-13 16:00:00,28.084013,2.199007,32.452301,28.822275,43.003006,12.231367
2026-04-13 17:00:00,32.260648,0.645423,36.174995,25.455594,12.050863,12.122136
2026-04-13 18:00:00,29.799752,0.0,41.246692,21.962166,0.222394,11.573506
2026-04-13 19:00:00,30.015598,0.0,46.866008,20.234632,0.091985,11.709881
2026-04-13 20:00:00,27.826293,0.0,39.954249,14.313258,0.0,12.399502
2026-04-13 21:00:00,32.993475,0.0,30.068724,15.534795,0.0,10.946394
2026-04-13 22:00:00,30.628412,0.0,30.142334,15.074799,0.0,11.695947
2026-04-13 23:00:00,29.166534,0.0,20.056029,13.991828,0.0,13.469551
2026-04-14 00:00:00,23.490308,0.0,26.230324,19.622212,0.0,11.515765
2026-04-14 01:00:00,22.555266,0.0,24.164939,17.299175,0.0,11.624744
2026-04-14 02:00:00,22.414733,0.0,22.569312,17.952848,0.0,11.985057
2026-04-14 03:00:00,22.817567,0.0,21.690306,14.704498,0.0,12.049821
2026-04-14 04:00:00,24.78862,0.0,22.911949,15.963851,0.0,12.804492
2026-04-14 05:00:00,26.812224,0.0,21.94029,16.766575,1.238748,11.78127
2026-04-14 06:00:00,36.270766,2.892419,23.023946,24.176874,53.001955,11.756786
2026-04-14 07:00:00,35.017961,8.28579,33.05872,25.647057,137.543968,12.754178
2026-04-14 08:00:00,30.730067,19.768643,37.669316,28.262418,394.472642,12.034608
2026-04-14 09:00:00,30.359986,37.247897,29.503889,32.49408,691.167165,12.067248
2026-04-14 10:00:00,27.690809,57.680681,35.258286,29.491759,1024.480444,13.226126
2026-04-14 11:00:00,25.886781,55.133178,30.272958,33.174856,937.625635,12.00966
2026-04-14 12:00:00,33.931177,62.0,34.261941,35.45296,1181.50835,13.235911
2026-04-14 13:00:00,30.712769,43.232481,31.147085,33.426661,737.212837,12.790844
2026-04-14 14:00:00,28.781958,18.938708,39.882601,34.003713,324.057999,13.281171
2026-04-14 15:00:00,27.897912,8.259381,34.400246,28.578831,171.773339,13.098614
2026-04-14 16:00:00,22.917633,2.821968,32.282023,27.616015,54.347307,11.811017
2026-04-14 17:00:00,26.580927,0.799322,33.962227,21.329908,13.303545,12.249489
2026-04-14 18:00:00,33.922361,0.0,39.422984,18.621985,0.510586,12.555624
2026-04-14 19:00:00,38.788849,0.0,44.325388,17.129377,0.14779,11.870133
2026-04-14 20:00:00,39.419149,0.0,42.061124,18.229549,0.0,12.345286
2026-04-14 21:00:00,37.413877,0.0,31.064366,15.451824,0.0,12.117001
2026-04-14 22:00:00,36.425434,0.0,29.195684,18.286578,0.0,12.133234
2026-04-14 23:00:00,40.691263,0.0,20.9367,15.63146,0.0,12.32635
2026-04-15 00:00:00,37.178987,0.0,23.518691,18.978704,0.0,12.697358
2026-04-15 01:00:00,37.019449,0.0,21.655378,20.396743,0.0,11.018606
2026-04-15 02:00:00,41.688424,0.0,22.169482,16.218714,0.0,12.973319
2026-04-15 03:00:00,30.568452,0.0,19.918985,15.007792,0.0,11.732144
2026-04-15 04:00:00,31.53952,0.0,22.683205,17.701545,0.0,11.367152
2026-04-15 05:00:00,30.51093,0.0,22.577071,16.097599,1.32144,12.614837
2026-04-15 06:00:00,30.536839,3.035549,21.582284,22.73036,52.027953,12.094713
2026-04-15 07:00:00,27.715607,9.544777,36.386588,25.827014,162.851462,12.131334
2026-04-15 08:00:00,21.483229,19.058415,32.339368,25.761985,412.247338,11.800508
2026-04-15 09:00:00,23.622782,41.091127,37.505288,32.039089,764.535717,12.159893
2026-04-15 10:00:00,20.506988,62.0,32.227381,31.353663,1168.842028,11.676685
2026-04-15 11:00:00,29.835389,62.0,32.355712,31.311991,1102.276069,11.586763
2026-04-15 12:00:00,20.636049,58.926329,32.112427,35.197709,1082.742438,11.885683
2026-04-15 13:00:00,24.036654,31.888277,33.08258,33.161397,611.810656,12.414218
2026-04-15 14:00:00,17.901457,23.441924,37.437786,33.966097,438.234465,12.858294
2026-04-15 15:00:00,21.624948,9.010604,42.144066,33.381782,165.566116,12.241619
2026-04-15 16:00:00,18.970934,3.080717,35.045194,28.184869,51.572677,12.38589
2026-04-15 17:00:00,11.383834,0.555299,32.481493,23.209187,11.567314,12.027701
2026-04-15 18:00:00,20.189643,0.0,41.784789,20.392126,0.901306,11.960508
2026-04-15 19:00:00,22.595754,0.0,41.382998,17.62402,0.26488,12.828357
2026-04-15 20:00:00,18.348015,0.0,48.015221,16.754772,0.0,12.332301
2026-04-15 21:00:00,26.904907,0.0,32.480205,17.002543,0.0,12.167182
2026-04-15 22:00:00,26.010059,0.0,32.026227,15.73604,0.0,11.698277
2026-04-15 23:00:00,29.15105,0.0,22.539646,18.493194,0.0,12.031797
2026-04-16 00:00:00,27.055864,0.0,19.939143,18.507005,0.0,11.996371
2026-04-16 01:00:00,17.81392,0.0,23.753233,14.781093,0.0,12.722538
2026-04-16 02:00:00,16.679735,0.0,18.13473,14.769929,0.0,11.873717
2026-04-16 03:00:00,30.147019,0.0,21.326624,17.656011,0.0,12.468776
2026-04-16 04:00:00,22.092419,0.0,22.478475,16.587699,0.0,12.14358
2026-04-16 05:00:00,24.741022,0.0,21.093993,17.926173,2.675066,12.72409
2026-04-16 06:00:00,21.107999,3.110951,22.308083,24.057361,61.322073,13.022634
2026-04-16 07:00:00,23.0307,9.271026,40.505431,25.551027,150.988502,11.980934
2026-04-16 08:00:00,25.935792,17.675794,39.098571,25.755046,333.340016,11.876504
2026-04-16 09:00:00,22.465229,35.566991,31.521299,27.993982,799.88277,12.340502
2026-04-16 10:00:00,22.723164,53.137541,33.767172,32.668767,986.126079,12.61142
2026-04-16 11:00:00,26.180291,62.0,36.700229,33.948311,1246.171372,12.142993
2026-04-16 12:00:00,21.528225,51.109908,30.395153,32.056977,988.883101,12.152678
2026-04-16 13:00:00,19.255453,40.409956,34.657657,34.913961,731.732691,12.100186
2026-04-16 14:00:00,21.898874,20.062315,36.634916,30.311493,349.438043,12.34898
2026-04-16 15:00:00,16.39029,7.901602,39.986665,32.577963,141.516211,12.045394
2026-04-16 16:00:00,13.619897,2.349761,32.579249,27.363016,52.92691,12.615873
2026-04-16 17:00:00,12.996215,0.795637,36.838147,25.356857,15.969305,11.473178
2026-04-16 18:00:00,24.652409,0.0,37.838561,19.476045,1.006491,11.944451
2026-04-16 19:00:00,28.794894,0.0,37.797855,17.176174,0.343588,12.498471
2026-04-16 20:00:00,25.562718,0.0,40.033379,18.775355,0.0,11.818776
2026-04-16 21:00:00,28.239724,0.0,32.276247,18.128074,0.0,11.199877
2026-04-16 22:00:00,30.233355,0.0,31.705992,15.472222,0.0,11.354376
2026-04-16 23:00:00,31.31037,0.0,20.386333,15.773786,0.0,12.615533
2026-04-17 00:00:00,27.274856,0.0,21.839381,19.398874,0.0,12.207017
2026-04-17 01:00:00,28.2742,0.0,22.609271,16.212606,0.0,11.873337
2026-04-17 02:00:00,25.920391,0.0,20.710472,19.186069,0.0,10.764533
2026-04-17 03:00:00,33.377979,0.0,21.561547,20.946097,0.0,11.045339
2026-04-17 04:00:00,30.20949,0.0,22.121887,16.722771,0.0,11.531175
2026-04-17 05:00:00,31.640683,0.0,22.958415,14.800497,3.273822,13.399158
2026-04-17 06:00:00,29.67479,2.808105,20.252547,23.09499,52.472469,12.285064
2026-04-17 07:00:00,28.053678,9.616628,34.625975,27.783937,152.32952,12.534557
2026-04-17 08:00:00,28.440997,20.01327,36.979118,30.040884,391.066033,11.189816
2026-04-17 09:00:00,26.361486,35.881585,30.719025,30.519724,703.155994,11.234835
2026-04-17 10:00:00,14.667692,56.310929,36.979711,33.659371,1068.517809,11.766888
2026-04-17 11:00:00,19.185621,57.161651,34.905481,37.196009,974.165533,12.416819
2026-04-17 12:00:00,23.831417,59.087913,32.64017,35.919693,1008.432611,11.931183
2026-04-17 13:00:00,31.297962,38.863627,31.63164,32.993845,664.568075,12.373379
2026-04-17 14:00:00,19.79718,21.82873,35.505556,31.362048,368.796851,10.819064
2026-04-17 15:00:00,20.52266,7.167716,36.616748,32.361554,140.617037,11.579894
2026-04-17 16:00:00,17.533435,3.009589,35.702242,26.556243,50.4826,12.057367
2026-04-17 17:00:00,22.941475,0.764446,33.471542,23.569488,13.914218,12.063767
2026-04-17 18:00:00,16.66846,0.0,40.183105,23.100729,1.045732,11.584928
2026-04-17 19:00:00,24.236923,0.0,38.559046,13.510998,0.453842,11.643571
2026-04-17 20:00:00,31.43248,0.0,43.576929,17.405986,0.0,11.515379
2026-04-17 21:00:00,25.061089,0.0,31.585941,17.773826,0.0,12.51183
2026-04-17 22:00:00,24.53185,0.0,31.606137,17.559321,0.0,12.646956
2026-04-17 23:00:00,28.670658,0.0,19.13521,14.672297,0.0,12.779103
2026-04-18 00:00:00,23.432452,0.0,22.597817,14.550773,0.0,12.730963
2026-04-18 01:00:00,32.35487,0.0,21.527854,18.034973,0.0,11.654821
2026-04-18 02:00:00,30.901871,0.0,20.773751,16.811629,0.0,13.390534
2026-04-18 03:00:00,37.900271,0.0,20.907568,18.944599,0.0,12.68623
2026-04-18 04:00:00,37.9254,0.0,24.088857,17.934345,0.0,12.556637
2026-04-18 05:00:00,37.931842,0.0,19.703978,17.671713,2.405015,12.231105
2026-04-18 06:00:00,42.701466,1.424448,24.477013,24.884019,28.85326,12.332344
2026-04-18 07:00:00,39.534355,6.148562,38.018868,23.760319,111.684339,12.217396
2026-04-18 08:00:00,35.870699,10.466637,39.791531,31.036868,191.085123,12.188521
2026-04-18 09:00:00,32.561237,24.086438,33.407968,29.136886,436.391729,11.74157
2026-04-18 10:00:00,32.788594,29.55708,34.679117,29.920465,516.286505,12.769232
2026-04-18 11:00:00,31.35239,46.670817,30.105648,32.472958,784.203158,12.385085
2026-04-18 12:00:00,35.1137,39.249125,30.492742,33.962183,646.989296,11.993496
2026-04-18 13:00:00,30.283578,23.542229,31.977781,34.179854,435.074217,11.811209
2026-04-18 14:00:00,30.409299,12.61893,35.412415,33.130332,237.058764,11.897836
2026-04-18 15:00:00,19.73853,5.593081,35.536215,28.017759,112.115344,12.20001
2026-04-18 16:00:00,9.199273,1.818455,38.74274,28.634427,30.135599,11.516378
2026-04-18 17:00:00,9.404736,0.383018,36.416357,24.751133,7.410293,13.265827
2026-04-18 18:00:00,22.324127,0.0,45.430943,22.243891,0.847928,12.126722
2026-04-18 19:00:00,24.993159,0.0,44.59021,21.818807,0.33654,11.764482
2026-04-18 20:00:00,29.746999,0.0,40.492259,16.557778,0.0,12.717843
2026-04-18 21:00:00,29.0355,0.0,31.547034,17.63839,0.0,12.380352
2026-04-18 22:00:00,30.297969,0.0,32.607529,14.355076,0.0,11.602377
2026-04-18 23:00:00,22.730093,0.0,22.260452,17.132909,0.0,11.7726
2026-04-19 00:00:00,17.502438,0.0,21.706741,16.848532,0.0,12.147977
2026-04-19 01:00:00,20.973637,0.0,23.008399,15.867108,0.0,12.212635
2026-04-19 02:00:00,13.678141,0.0,22.136005,14.44106,0.0,12.045092
2026-04-19 03:00:00,16.362197,0.0,22.461598,17.316974,0.0,12.734576
2026-04-19 04:00:00,13.780197,0.0,20.968354,15.63099,0.0,12.345924
2026-04-19 05:00:00,14.943428,0.0,19.837477,13.526398,4.947806,11.683971
2026-04-19 06:00:00,17.958688,2.56374,24.090344,21.941328,48.187794,11.776613
2026-04-19 07:00:00,13.041676,8.219336,37.415824,26.103485,143.928561,12.088472
2026-04-19 08:00:00,25.751404,23.541168,34.921149,28.1208,450.44274,12.216716
2026-04-19 09:00:00,27.699212,31.863826,33.490471,31.712321,616.413705,12.758032
2026-04-19 10:00:00,29.763722,62.0,32.754087,34.76409,1155.593622,11.987898
2026-04-19 11:00:00,26.29217,57.818284,36.387743,33.609711,1041.309443,12.075328
2026-04-19 12:00:00,26.639568,58.567801,34.015738,34.287972,1085.030664,12.862995
2026-04-19 13:00:00,29.243197,47.813184,32.051637,32.192651,848.318118,12.730234
2026-04-19 14:00:00,32.549542,23.568821,40.992123,33.575097,421.390392,12.346185
2026-04-19 15:00:00,17.623834,8.635755,28.835736,31.503276,152.905567,11.15862
2026-04-19 16:00:00,14.492387,3.073644,37.720904,27.090794,53.828077,11.889885
2026-04-19 17:00:00,19.305123,0.905173,34.977499,27.784259,16.460213,11.58408
2026-04-19 18:00:00,20.891645,0.0,40.532162,20.261835,1.699211,11.73757
2026-04-19 19:00:00,22.401751,0.0,42.212846,16.744754,0.71733,12.307105
2026-04-19 20:00:00,26.189174,0.0,39.166422,15.719379,0.0,12.827224
2026-04-19 21:00:00,24.336812,0.0,32.405826,15.213684,0.0,12.448851
2026-04-19 22:00:00,17.847735,0.0,32.783775,17.72317,0.0,12.396351
2026-04-19 23:00:00,22.842824,0.0,22.620809,15.232544,0.0,11.996917
2026-04-20 00:00:00,27.668727,0.0,24.953461,19.79628,0.0,12.944895
2026-04-20 01:00:00,26.818032,0.0,23.09734,18.026449,0.0,12.240653
2026-04-20 02:00:00,27.276684,0.0,22.104841,18.732998,0.0,11.738879
2026-04-20 03:00:00,25.134391,0.0,22.197038,18.428234,0.0,12.369882
2026-04-20 04:00:00,28.473229,0.0,23.491885,16.945106,0.0,12.392675
2026-04-20 05:00:00,34.498707,0.0,19.930487,16.646251,2.520073,11.552582
2026-04-20 06:00:00,31.192147,1.505068,23.539405,22.02212,27.251128,12.369684
2026-04-20 07:00:00,32.770559,5.691855,36.42537,22.475438,100.20299,10.882834
2026-04-20 08:00:00,35.912422,12.562655,38.333196,30.35882,228.496594,11.873945
2026-04-20 09:00:00,33.494841,23.727665,33.964298,32.476573,450.435515,12.644508
2026-04-20 10:00:00,36.128963,33.51532,36.839612,33.885218,659.764477,11.719387
2026-04-20 11:00:00,36.137828,32.993641,33.158716,32.543931,626.846954,11.436522
2026-04-20 12:00:00,44.820039,33.644326,35.243874,32.331395,606.395829,12.257565
2026-04-20 13:00:00,42.209859,24.815056,35.779816,33.806841,446.951177,11.89984
2026-04-20 14:00:00,37.949521,13.601354,38.418285,31.349425,260.738235,13.021782
2026-04-20 15:00:00,29.946362,5.151262,33.143564,30.703429,95.158132,11.63056
2026-04-20 16:00:00,41.836648,1.917785,38.041897,27.397491,31.540616,12.312972
2026-04-20 17:00:00,38.2267,0.435747,33.065267,25.642962,7.657657,11.344273
2026-04-20 18:00:00,38.215697,0.0,39.747986,22.012318,0.964176,12.174176
2026-04-20 19:00:00,36.051107,0.0,45.673923,16.303286,0.486099,13.100877
2026-04-20 20:00:00,35.860384,0.0,44.954016,18.797864,0.0,12.835916
2026-04-20 21:00:00,36.262455,0.0,32.595567,18.354889,0.0,11.521729
2026-04-20 22:00:00,36.959014,0.0,29.943433,15.463647,0.0,12.938261
2026-04-20 23:00:00,38.117539,0.0,21.849603,19.688466,0.0,11.489331
2026-04-21 00:00:00,35.61198,0.0,24.09444,17.814273,0.0,11.949703
2026-04-21 01:00:00,34.872824,0.0,22.710075,16.132849,0.0,12.164687
2026-04-21 02:00:00,29.294032,0.0,21.969627,17.262045,0.0,12.003461
2026-04-21 03:00:00,36.606403,0.0,21.899207,17.44812,0.0,10.925357
2026-04-21 04:00:00,29.935779,0.0,21.577922,17.231179,0.0,12.97806
2026-04-21 05:00:00,34.885702,0.0,22.208702,17.608346,1.089904,12.110463
2026-04-21 06:00:00,22.145414,0.649407,21.98693,19.643471,10.380095,12.171424
2026-04-21 07:00:00,21.415462,1.993505,39.597424,27.284355,34.923782,12.271447
2026-04-21 08:00:00,20.059796,4.765062,38.17768,29.742515,84.788126,12.163643
2026-04-21 09:00:00,15.13877,7.399075,33.189709,29.335184,167.338691,12.012634
2026-04-21 10:00:00,13.987202,8.459793,41.8477,36.641926,166.974092,11.91992
2026-04-21 11:00:00,8.347889,11.152656,30.932663,33.920469,223.30545,12.112791
2026-04-21 12:00:00,13.497219,8.666088,34.358435,35.065104,167.793591,11.383764
2026-04-21 13:00:00,19.567309,8.076645,30.351363,34.139831,156.891828,11.976296
2026-04-21 14:00:00,20.591139,4.618697,41.41716,35.373458,80.050831,12.011427
2026-04-21 15:00:00,30.941727,2.221341,34.133214,29.32379,34.976963,13.038955
2026-04-21 16:00:00,27.547812,0.440429,35.505703,29.02613,8.955298,11.77902
2026-04-21 17:00:00,23.971165,0.0,38.29765,24.276525,2.394773,12.338384
2026-04-21 18:00:00,22.306743,0.0,39.513249,22.266854,0.492092,10.598345
2026-04-21 19:00:00,15.032198,0.0,39.548209,14.031114,0.139207,12.944576
2026-04-21 20:00:00,17.630082,0.0,42.928723,19.391635,0.0,12.624562
2026-04-21 21:00:00,15.673034,0.0,33.038709,18.361716,0.0,11.822631
2026-04-21 22:00:00,20.864842,0.0,30.448721,18.465071,0.0,11.500419
2026-04-21 23:00:00,16.807569,0.0,22.679493,17.705548,0.0,11.695262
2026-04-22 00:00:00,21.757576,0.0,24.695334,18.741497,0.0,12.909966
2026-04-22 01:00:00,18.302543,0.0,21.438365,20.25959,0.0,12.773022
2026-04-22 02:00:00,20.587176,0.0,19.83359,17.115986,0.0,12.055324
2026-04-22 03:00:00,14.879844,0.0,24.281263,19.165159,0.0,11.68637
2026-04-22 04:00:00,19.08712,0.0,21.68596,16.656123,0.0,12.613499
2026-04-22 05:00:00,18.66661,0.386108,22.320194,19.133215,6.162504,12.626056
2026-04-22 06:00:00,20.023533,2.69545,23.663849,21.510125,49.203261,12.540194
2026-04-22 07:00:00,28.176912,10.693452,38.180877,25.311793,173.137839,11.788623
2026-04-22 08:00:00,35.070454,19.999771,37.482688,29.359758,381.958552,12.860782
2026-04-22 09:00:00,36.482115,24.314481,35.29306,31.324913,526.995287,11.373974
2026-04-22 10:00:00,37.670187,62.0,35.525433,33.32877,1018.664608,11.923749
2026-04-22 11:00:00,38.658293,48.899182,30.841594,31.850782,871.121156,11.473643
2026-04-22 12:00:00,26.039096,50.823741,35.283553,35.555616,920.131215,12.008397
2026-04-22 13:00:00,31.701605,25.348808,30.854944,30.107219,500.808613,11.460347
2026-04-22 14:00:00,32.168484,21.925551,42.822786,34.042401,421.406161,12.036812
2026-04-22 15:00:00,36.104899,8.145088,35.290212,30.143447,168.058627,12.143421
2026-04-22 16:00:00,38.04057,2.33907,32.336708,28.953611,41.764192,12.0835
2026-04-22 17:00:00,30.179745,0.664587,35.105099,27.029026,14.219755,12.399611
2026-04-22 18:00:00,31.321659,0.0,48.062448,23.651043,3.029049,12.030403
2026-04-22 19:00:00,31.992246,0.0,41.315672,18.182697,0.839754,11.547433
2026-04-22 20:00:00,41.077325,0.0,40.111407,18.064476,0.0,12.696946
2026-04-22 21:00:00,36.860542,0.0,32.768796,17.314888,0.0,11.394337
2026-04-22 22:00:00,35.803636,0.0,32.413359,20.603643,0.0,11.934582
2026-04-22 23:00:00,31.090577,0.0,21.935066,17.078701,0.0,11.933642
2026-04-23 00:00:00,21.956437,0.0,22.108215,19.225632,0.0,12.372641
2026-04-23 01:00:00,17.8702,0.0,23.832382,19.845578,0.0,12.716401
2026-04-23 02:00:00,13.037306,0.0,22.819011,19.096313,0.0,11.203132
2026-04-23 03:00:00,16.209121,0.0,23.030799,18.379433,0.0,12.254826
2026-04-23 04:00:00,20.026793,0.0,24.227654,20.073049,0.0,10.45868
2026-04-23 05:00:00,13.572463,0.356345,23.886762,17.893906,6.565484,11.509167
2026-04-23 06:00:00,13.657366,2.763259,22.049861,25.098722,54.213035,12.422947
2026-04-23 07:00:00,19.533057,7.938058,38.689082,25.718882,125.613725,11.318449
2026-04-23 08:00:00,20.261173,23.353856,36.708041,28.195148,435.91392,12.560098
2026-04-23 09:00:00,21.697714,42.59865,34.252062,32.122431,736.13875,13.465784
2026-04-23 10:00:00,29.052881,50.325702,40.778506,31.914393,831.168632,12.737581
2026-04-23 11:00:00,27.341047,62.0,33.798467,34.018518,1309.36139,12.976942
2026-04-23 12:00:00,30.80711,54.340093,35.366513,36.134358,1065.708345,12.590086
2026-04-23 13:00:00,25.688308,35.203042,32.745467,31.939437,691.442733,12.101007
2026-04-23 14:00:00,20.120401,15.320974,37.447599,34.993893,364.826114,12.362991
2026-04-23 15:00:00,20.975472,8.234637,42.442637,31.837692,134.26701,13.044942
2026-04-23 16:00:00,20.789056,2.599829,35.742978,29.397479,49.624689,11.917048
2026-04-23 17:00:00,32.619856,0.838733,37.828845,25.968745,15.390315,12.361061
2026-04-23 18:00:00,27.702603,0.0,42.539016,21.501993,3.045682,12.733489
2026-04-23 19:00:00,21.452936,0.0,39.065747,15.602244,1.028769,11.107345
2026-04-23 20:00:00,23.130893,0.0,41.980118,19.380197,0.0,10.816597
2026-04-23 21:00:00,23.020239,0.0,35.736203,17.568433,0.0,11.290531
2026-04-23 22:00:00,22.025627,0.0,32.428373,20.411411,0.0,12.482597
2026-04-23 23:00:00,23.583663,0.0,23.346603,18.307547,0.0,11.672645
2026-04-24 00:00:00,17.960478,0.0,22.898431,18.543605,0.0,11.780324
2026-04-24 01:00:00,19.900539,0.0,20.778374,17.037242,0.0,11.935304
2026-04-24 02:00:00,16.424841,0.0,20.76977,18.455249,0.0,12.564003
2026-04-24 03:00:00,13.464711,0.0,21.482163,17.10161,0.0,12.925773
2026-04-24 04:00:00,18.138281,0.0,23.275559,17.663452,0.0,10.900693
2026-04-24 05:00:00,20.740836,0.473569,22.984926,17.972922,7.423977,12.672344
2026-04-24 06:00:00,23.04818,1.889987,24.620638,21.928738,39.707476,11.957984
2026-04-24 07:00:00,11.281237,6.160822,37.026992,25.759864,124.660664,11.893504
2026-04-24 08:00:00,14.217582,26.04587,39.497242,25.849012,432.128144,12.471599
2026-04-24 09:00:00,11.885195,44.036641,34.045629,34.484186,742.376044,12.585978
2026-04-24 10:00:00,22.362162,41.658085,38.251703,32.919703,818.320072,12.283741
2026-04-24 11:00:00,22.226083,62.0,30.620186,31.779945,1160.513492,12.46914
2026-04-24 12:00:00,19.900185,52.672797,32.488734,33.998471,1094.956011,11.332148
2026-04-24 13:00:00,24.976955,34.301321,33.546053,35.724735,662.262915,11.912633
2026-04-24 14:00:00,20.036787,20.177455,36.420808,32.020721,392.503503,11.457487
2026-04-24 15:00:00,14.324047,9.585155,36.691542,31.558746,164.662981,12.345427
2026-04-24 16:00:00,11.520165,2.505779,37.98575,28.795188,51.554829,10.837566
2026-04-24 17:00:00,14.475951,0.82278,33.08232,26.776356,13.659653,12.073511
2026-04-24 18:00:00,6.700383,0.0,39.005468,24.315201,2.404422,11.875175
2026-04-24 19:00:00,5.12945,0.0,40.911428,17.500296,0.933154,12.36694
2026-04-24 20:00:00,12.444288,0.0,42.675415,18.292327,0.0,13.07482
2026-04-24 21:00:00,10.998613,0.0,33.949177,17.84865,0.0,12.890015
2026-04-24 22:00:00,8.299343,0.0,34.19698,17.502519,0.0,12.443704
2026-04-24 23:00:00,13.648531,0.0,21.82291,17.604526,0.0,12.313986
2026-04-25 00:00:00,16.567553,0.0,21.764301,18.287372,0.0,12.451588
2026-04-25 01:00:00,32.239933,0.0,22.669822,15.423994,0.0,11.689119
2026-04-25 02:00:00,33.338218,0.0,23.361807,18.15931,0.0,12.83118
2026-04-25 03:00:00,32.406416,0.0,19.206263,19.767552,0.0,13.075998
2026-04-25 04:00:00,32.540408,0.0,20.974665,19.716239,0.0,11.647477
2026-04-25 05:00:00,32.221411,0.452823,19.924155,19.616246,8.244389,12.712185
2026-04-25 06:00:00,23.983085,2.834698,19.545387,23.874047,52.394124,12.520184
2026-04-25 07:00:00,23.969217,7.378141,37.100947,27.983781,133.576767,11.72809
2026-04-25 08:00:00,26.947739,21.824531,37.599098,28.591029,360.136712,11.212997
2026-04-25 09:00:00,30.164309,35.482184,40.11543,31.782406,750.837458,11.488552
2026-04-25 10:00:00,34.581281,62.0,36.736534,32.385156,1015.699487,12.138811
2026-04-25 11:00:00,32.053972,62.0,32.631461,32.172395,1217.789266,12.403144
2026-04-25 12:00:00,35.073497,48.807578,32.398309,35.536261,1019.079764,11.972077
2026-04-25 13:00:00,30.378015,29.717071,32.871032,36.472105,588.59444,12.515358
2026-04-25 14:00:00,28.664061,20.298751,37.794601,34.859059,361.889824,11.20984
2026-04-25 15:00:00,22.327644,7.110967,36.460978,32.254792,135.036128,13.538649
2026-04-25 16:00:00,18.12758,2.289432,35.860898,28.129372,40.958792,10.765662
2026-04-25 17:00:00,18.053319,0.856692,36.579159,26.459185,13.518299,12.040899
2026-04-25 18:00:00,9.687944,0.0,41.23188,23.98096,3.01505,11.540148
2026-04-25 19:00:00,11.129688,0.0,44.403025,17.086834,1.233837,11.347986
2026-04-25 20:00:00,19.648336,0.0,40.456986,15.832944,0.0,13.27217
2026-04-25 21:00:00,26.402302,0.0,30.037046,18.19588,0.0,11.825361
2026-04-25 22:00:00,26.661175,0.0,31.492142,18.145759,0.0,12.11944
2026-04-25 23:00:00,25.543643,0.0,21.675482,15.886506,0.0,12.67726
2026-04-26 00:00:00,24.810359,0.0,22.870961,17.058264,0.0,11.902033
2026-04-26 01:00:00,31.861684,0.0,20.516,18.967769,0.0,12.527351
2026-04-26 02:00:00,26.880851,0.0,22.793203,17.3424,0.0,11.841195
2026-04-26 03:00:00,30.749061,0.0,21.550171,17.02613,0.0,11.744067
2026-04-26 04:00:00,26.999483,0.0,23.517888,19.866682,0.0,13.140193
2026-04-26 05:00:00,27.087723,0.561414,21.274486,16.343594,11.12486,11.759578
2026-04-26 06:00:00,26.174856,2.307206,24.04457,21.412817,45.80362,11.589852
2026-04-26 07:00:00,26.476542,11.559767,41.40001,24.404883,218.051584,12.791832
2026-04-26 08:00:00,27.335048,19.531088,41.544906,27.605748,397.992027,12.608751
2026-04-26 09:00:00,22.533909,32.201409,38.103033,32.739536,727.223301,12.785737
2026-04-26 10:00:00,28.048181,46.962832,35.749294,31.060391,833.755996,12.292893
2026-04-26 11:00:00,26.067952,53.313216,32.925129,34.196937,1137.94366,11.798878
2026-04-26 12:00:00,28.085557,54.506194,32.736622,34.651255,994.179721,12.185815
2026-04-26 13:00:00,27.5786,31.611133,35.492748,34.807435,553.620174,10.979165
2026-04-26 14:00:00,27.168497,16.631031,37.648833,33.92316,295.900883,12.523295
2026-04-26 15:00:00,25.703995,10.306098,37.760342,28.596361,180.398822,12.852146
2026-04-26 16:00:00,28.867499,2.856947,39.877798,30.278689,55.876603,11.614421
2026-04-26 17:00:00,28.429414,0.747016,34.767846,24.511903,12.815951,12.472737
2026-04-26 18:00:00,28.840368,0.0,45.259358,22.749836,3.534985,11.599918
2026-04-26 19:00:00,28.19737,0.0,39.049958,19.316326,1.219321,11.358251
2026-04-26 20:00:00,18.372985,0.0,39.360437,18.096938,0.0,11.904442
2026-04-26 21:00:00,23.312624,0.0,32.320534,17.205581,0.0,11.954717
2026-04-26 22:00:00,27.066309,0.0,30.392806,18.920587,0.0,12.031822
2026-04-26 23:00:00,31.576202,0.0,20.522584,18.75796,0.0,12.518141
2026-04-27 00:00:00,36.631898,0.0,23.146741,19.942464,0.0,12.217788
2026-04-27 01:00:00,33.029424,0.0,21.803855,19.344102,0.0,12.264007
2026-04-27 02:00:00,35.256776,0.0,21.57504,17.483606,0.0,11.420345
2026-04-27 03:00:00,28.097274,0.0,23.394171,15.563723,0.0,13.192281
2026-04-27 04:00:00,34.081143,0.0,23.681664,15.897189,0.0,12.964064
2026-04-27 05:00:00,22.913552,0.492132,20.920904,18.62642,8.875816,12.242806
2026-04-27 06:00:00,28.36563,2.451936,21.356673,22.181546,42.725157,10.852967
2026-04-27 07:00:00,20.710261,8.296624,36.592912,27.145844,158.208771,11.490337
2026-04-27 08:00:00,24.790776,21.468299,39.668035,29.211277,359.520246,11.440083
2026-04-27 09:00:00,22.959315,40.254931,33.799273,32.479503,723.3822,12.425815
2026-04-27 10:00:00,29.155968,46.437586,33.732103,29.094867,1101.343318,12.729976
2026-04-27 11:00:00,23.388222,55.254388,30.187699,36.346674,1138.120998,12.791126
2026-04-27 12:00:00,21.390849,52.010731,34.949572,33.700479,1045.369115,12.557153
2026-04-27 13:00:00,18.615698,30.460471,31.612956,36.806581,572.304965,13.071516
2026-04-27 14:00:00,17.382091,19.308875,35.311911,32.583888,387.048448,12.180969
2026-04-27 15:00:00,17.813931,6.295224,34.73178,29.172031,138.641809,11.58865
2026-04-27 16:00:00,20.126372,2.969813,32.335869,29.474372,46.545703,11.739183
2026-04-27 17:00:00,25.744233,0.683879,33.38779,24.502271,13.544279,11.779251
2026-04-27 18:00:00,22.896228,0.0,41.040532,22.849975,3.8303,11.691732
2026-04-27 19:00:00,24.767909,0.0,41.855096,17.983395,1.490583,12.594982
2026-04-27 20:00:00,24.009215,0.0,42.515961,17.70627,0.0,13.126007
2026-04-27 21:00:00,18.403575,0.0,28.296734,19.441101,0.0,12.253212
2026-04-27 22:00:00,27.493746,0.0,32.078787,19.059319,0.0,11.794356
2026-04-27 23:00:00,27.270572,0.0,21.373679,17.908222,0.0,11.953994
2026-04-28 00:00:00,23.454794,0.0,20.923468,17.315314,0.0,12.349244
2026-04-28 01:00:00,26.578145,0.0,23.624383,18.792228,0.0,12.170558
2026-04-28 02:00:00,28.221554,0.0,22.311474,18.900493,0.0,11.805531
2026-04-28 03:00:00,37.763076,0.0,21.547403,17.74681,0.0,12.374782
2026-04-28 04:00:00,35.971138,0.0,24.257289,16.34755,0.0,12.063141
2026-04-28 05:00:00,36.331809,0.524036,24.764444,16.447924,8.700494,12.507406
2026-04-28 06:00:00,34.47563,3.262688,22.04295,23.432612,52.626583,12.462008
2026-04-28 07:00:00,28.75476,9.535156,37.503205,26.779632,173.1631,11.331966
2026-04-28 08:00:00,16.201834,18.270914,37.202183,29.832853,317.828685,12.890581
2026-04-28 09:00:00,16.841823,39.339176,36.922763,32.115359,679.41278,11.845808
2026-04-28 10:00:00,20.475086,58.67871,38.988285,35.168696,1159.02314,13.249418
2026-04-28 11:00:00,17.322521,52.707019,35.005976,35.915401,1077.153925,12.179047
2026-04-28 12:00:00,13.907612,53.268549,40.552637,37.083161,912.535583,12.334922
2026-04-28 13:00:00,8.676511,40.850333,31.163776,34.080658,773.220476,11.264983
2026-04-28 14:00:00,14.739134,26.411795,38.22765,33.441203,469.955789,12.687801
2026-04-28 15:00:00,16.660946,9.307109,34.193147,31.481508,162.328428,10.951844
2026-04-28 16:00:00,13.131331,2.787837,36.237643,29.173025,50.459872,10.846671
2026-04-28 17:00:00,18.113861,0.668967,34.342468,24.694224,11.779256,12.721936
2026-04-28 18:00:00,19.651268,0.0,40.114441,22.672772,4.389954,12.394729
2026-04-28 19:00:00,24.108908,0.0,45.138562,18.432548,1.541072,12.174525
2026-04-28 20:00:00,28.160237,0.0,40.267368,19.590971,0.0,11.051911
2026-04-28 21:00:00,34.65888,0.0,28.679082,18.789725,0.0,11.697562
2026-04-28 22:00:00,36.014282,0.0,30.821212,18.025222,0.0,12.945236
2026-04-28 23:00:00,28.735457,0.0,22.747828,17.207507,0.0,12.349084
2026-04-29 00:00:00,32.198901,0.0,23.484649,18.941026,0.0,11.959477
2026-04-29 01:00:00,30.927142,0.0,22.651009,18.724459,0.0,12.568209
2026-04-29 02:00:00,32.218883,0.0,21.375391,18.629483,0.0,12.152337
2026-04-29 03:00:00,30.528464,0.0,25.451051,18.83293,0.0,11.803385
2026-04-29 04:00:00,31.314048,0.0,22.892018,20.175851,0.0,13.491739
2026-04-29 05:00:00,26.335045,0.575817,22.74423,17.935871,10.204813,12.61173
2026-04-29 06:00:00,25.810304,3.31938,26.713329,23.094905,54.829435,12.345011
2026-04-29 07:00:00,21.55117,7.79095,36.889066,28.108012,149.983904,12.187554
2026-04-29 08:00:00,18.794287,22.350547,38.870562,28.029799,383.907546,12.466977
2026-04-29 09:00:00,23.677109,38.715262,33.844492,30.947367,752.652871,11.555478
2026-04-29 10:00:00,27.008664,62.0,44.169668,35.773975,1199.505167,11.103967
2026-04-29 11:00:00,22.868823,56.63434,32.442502,33.426783,1083.10591,11.394614
2026-04-29 12:00:00,25.83717,60.721491,35.557423,36.224751,1099.479802,11.892099
2026-04-29 13:00:00,17.37701,50.910101,29.732768,33.599594,908.597913,12.122638
2026-04-29 14:00:00,28.694643,20.361124,40.94929,34.846632,384.615357,11.563077
2026-04-29 15:00:00,28.801957,7.928913,36.137911,29.328691,143.738822,12.120713
2026-04-29 16:00:00,25.63325,2.615382,36.328099,29.077869,50.862047,12.469238
2026-04-29 17:00:00,23.636928,0.804587,36.227288,27.199641,14.981642,11.856232
2026-04-29 18:00:00,28.686667,0.0,46.201286,25.430688,4.681458,11.601225
2026-04-29 19:00:00,28.058489,0.0,41.406671,18.206048,1.606137,11.235929
2026-04-29 20:00:00,27.958548,0.0,42.587491,17.250624,0.0,11.643925
2026-04-29 21:00:00,22.446531,0.0,32.302136,18.874605,0.0,12.454187
2026-04-29 22:00:00,33.2945,0.0,32.769406,18.979092,0.0,11.476649
2026-04-29 23:00:00,25.594639,0.0,21.24795,20.897402,0.0,11.496484
2026-04-30 00:00:00,25.268452,0.0,22.428539,17.407819,0.0,12.831437
2026-04-30 01:00:00,21.759758,0.0,23.660112,16.59107,0.0,12.39656
2026-04-30 02:00:00,19.974004,0.0,21.492305,16.308328,0.0,12.07383
2026-04-30 03:00:00,26.779718,0.0,22.392732,17.106706,0.0,12.504441
2026-04-30 04:00:00,15.709959,0.0,21.173093,20.242258,0.0,12.301983
2026-04-30 05:00:00,23.211933,0.0,19.239911,19.407966,2.335856,11.643086
2026-04-30 06:00:00,26.070605,0.582584,23.856722,24.895629,10.760281,11.979683
2026-04-30 07:00:00,27.935342,1.357412,39.196695,25.185908,25.613529,12.642057
2026-04-30 08:00:00,21.607174,3.268491,37.148464,32.590863,78.722075,10.935461
2026-04-30 09:00:00,27.727659,9.171541,36.623764,32.597017,166.577307,12.320281
2026-04-30 10:00:00,31.707283,14.653377,37.159396,31.65107,225.36482,12.779579
2026-04-30 11:00:00,35.576359,14.480416,39.627089,36.553193,272.583119,11.663604
2026-04-30 12:00:00,30.930606,10.674949,28.002269,34.246548,198.962478,11.849633
2026-04-30 13:00:00,38.507043,8.009174,36.524018,35.241643,151.603266,12.260343
2026-04-30 14:00:00,41.60569,4.835363,40.202737,34.225488,85.994634,12.322242
2026-04-30 15:00:00,45.6,1.794512,38.526477,31.825984,31.603573,12.848195
2026-04-30 16:00:00,31.523112,0.654944,31.76325,30.236633,11.89693,12.973368
2026-04-30 17:00:00,34.684597,0.0,31.048306,25.308412,2.712216,12.25995
2026-04-30 18:00:00,30.255772,0.0,48.746805,23.738571,0.90382,12.598475
2026-04-30 19:00:00,33.023931,0.0,42.653201,20.690772,0.383163,10.893796
2026-04-30 20:00:00,30.391746,0.0,39.959238,19.739183,0.0,12.002049
2026-04-30 21:00:00,26.123089,0.0,33.498471,20.894623,0.0,12.490514
2026-04-30 22:00:00,28.910569,0.0,32.265059,18.625705,0.0,11.406846
2026-04-30 23:00:00,18.196501,0.0,22.963629,18.866701,0.0,12.819571
2026-05-01 00:00:00,27.282006,0.0,22.394893,17.382965,0.0,12.383197
2026-05-01 01:00:00,38.482428,0.0,23.930989,21.020149,0.0,11.871005
2026-05-01 02:00:00,31.309868,0.0,21.041005,19.983362,0.0,11.959123
2026-05-01 03:00:00,29.434451,0.0,22.058595,21.169368,0.0,10.660643
2026-05-01 04:00:00,30.851543,0.0,22.880125,17.761467,0.0,12.048644
2026-05-01 05:00:00,33.218048,0.0,21.774996,16.400703,2.321173,12.503382
2026-05-01 06:00:00,34.437586,0.470888,22.986326,25.514642,9.826295,10.942901
2026-05-01 07:00:00,33.711752,1.706085,35.187069,25.608804,35.769607,11.839073
2026-05-01 08:00:00,34.443738,3.964716,40.723477,29.210896,76.00267,12.265692
2026-05-01 09:00:00,24.795658,6.8196,34.983723,32.7361,133.221692,10.700205
2026-05-01 10:00:00,32.257271,9.952822,33.078688,31.585832,195.017814,12.754682
2026-05-01 11:00:00,27.786079,14.357825,29.450896,36.204353,277.595683,11.001696
2026-05-01 12:00:00,25.328068,12.683825,36.579736,35.851405,205.175093,13.342862
2026-05-01 13:00:00,33.78006,7.437906,35.104447,33.056701,135.417056,11.498994
2026-05-01 14:00:00,27.44195,4.280737,39.152586,32.785347,79.372158,12.687168
2026-05-01 15:00:00,29.661454,1.786311,38.909352,30.892572,32.297234,12.583212
2026-05-01 16:00:00,26.632675,0.734286,38.702826,30.733449,13.76482,11.784099
2026-05-01 17:00:00,28.9175,0.0,33.530419,25.538624,2.535117,12.15266
2026-05-01 18:00:00,25.406593,0.0,37.049371,20.966423,1.074732,11.356746
2026-05-01 19:00:00,24.825357,0.0,41.383631,16.80668,0.303271,11.643089
2026-05-01 20:00:00,23.085739,0.0,44.174658,20.623756,0.0,12.109316
2026-05-01 21:00:00,21.687462,0.0,32.732922,18.110151,0.0,12.44446
2026-05-01 22:00:00,18.602298,0.0,28.039184,18.854721,0.0,12.224711
2026-05-01 23:00:00,23.902562,0.0,25.01569,18.339897,0.0,11.579869
2026-05-02 00:00:00,24.230686,0.0,22.753156,18.847975,0.0,12.156687
2026-05-02 01:00:00,28.506831,0.0,22.453042,20.985025,0.0,12.574531
2026-05-02 02:00:00,24.647191,0.0,21.528729,20.067354,0.0,12.736984
2026-05-02 03:00:00,35.033041,0.0,19.600538,18.715295,0.0,11.770132
2026-05-02 04:00:00,38.359256,0.0,23.19484,19.758036,0.0,12.688609
2026-05-02 05:00:00,39.429139,0.485105,22.987837,21.100972,8.037132,12.627598
2026-05-02 06:00:00,43.82184,1.608215,24.195272,24.272728,30.718336,12.166501
2026-05-02 07:00:00,45.6,5.073636,33.982589,27.891281,92.16694,11.966501
2026-05-02 08:00:00,32.66817,15.332223,40.091996,32.837994,283.618631,12.052187
2026-05-02 09:00:00,28.496808,24.959713,37.534111,34.140806,417.649474,12.237857
2026-05-02 10:00:00,32.60785,34.575025,33.224894,32.960407,637.561042,12.456014
2026-05-02 11:00:00,32.782254,44.098336,35.352052,34.91761,772.123483,12.066615
2026-05-02 12:00:00,40.267933,32.233732,34.233973,33.215957,601.065216,11.10282
2026-05-02 13:00:00,27.160345,22.921953,33.519292,36.041977,431.739932,10.854963
2026-05-02 14:00:00,33.632351,15.910389,39.524657,34.916856,259.4902,12.877107
2026-05-02 15:00:00,27.397977,7.111773,39.059181,32.770438,118.553848,11.025821
2026-05-02 16:00:00,29.933717,2.165127,37.818586,31.908541,33.309042,12.050296
2026-05-02 17:00:00,24.522598,0.430612,38.670368,28.797878,8.375983,11.508742
2026-05-02 18:00:00,24.462536,0.0,43.079381,24.358134,3.391147,12.680162
2026-05-02 19:00:00,31.244365,0.0,44.885899,19.17254,1.150644,11.60187
2026-05-02 20:00:00,39.743884,0.0,44.366485,19.463158,0.0,11.144665
2026-05-02 21:00:00,32.523517,0.0,32.699697,20.735247,0.0,10.964365
2026-05-02 22:00:00,35.594365,0.0,34.683708,18.102747,0.0,12.041672
2026-05-02 23:00:00,34.096361,0.0,21.372174,20.646853,0.0,11.507715
2026-05-03 00:00:00,35.802991,0.0,20.646061,17.120526,0.0,12.573185
2026-05-03 01:00:00,30.561475,0.0,19.982019,18.448503,0.0,11.686592
2026-05-03 02:00:00,29.345412,0.0,21.54614,20.432409,0.0,13.065041
2026-05-03 03:00:00,25.346296,0.0,24.685763,17.992204,0.0,12.211951
2026-05-03 04:00:00,22.951302,0.0,24.743233,18.814142,0.0,12.952249
2026-05-03 05:00:00,23.478791,0.0,21.201203,19.072077,2.403127,12.054335
2026-05-03 06:00:00,29.573764,0.63986,22.816032,23.573028,10.661332,12.479122
2026-05-03 07:00:00,28.238282,1.773474,35.746979,25.722744,30.794814,12.940954
2026-05-03 08:00:00,25.295342,4.765102,44.105538,30.55365,76.587745,11.463331
2026-05-03 09:00:00,21.66007,6.840936,34.486436,32.505783,112.773214,12.245406
2026-05-03 10:00:00,24.755023,10.053085,35.268682,32.864379,185.453004,11.882234
2026-05-03 11:00:00,25.566792,10.557136,33.248123,34.917519,198.663737,12.075447
2026-05-03 12:00:00,32.181967,11.403719,35.081033,35.240272,196.478059,11.945815
2026-05-03 13:00:00,32.914775,9.440303,33.994335,32.91672,152.534974,12.814579
2026-05-03 14:00:00,27.997967,4.551999,38.730994,32.268533,76.657761,11.050868
2026-05-03 15:00:00,18.748769,1.941417,34.955671,30.667597,32.003786,12.049831
2026-05-03 16:00:00,24.872217,0.615947,37.239264,30.559752,10.071705,12.319195
2026-05-03 17:00:00,29.021855,0.0,36.120429,25.348776,2.398917,12.787014
2026-05-03 18:00:00,27.421672,0.0,34.772473,24.567307,1.092673,12.265522
2026-05-03 19:00:00,26.794202,0.0,43.131351,19.886641,0.394204,11.414467
2026-05-03 20:00:00,25.909668,0.0,42.899325,18.978175,0.0,12.182722
2026-05-03 21:00:00,30.630586,0.0,32.530404,17.36779,0.0,12.848248
2026-05-03 22:00:00,21.521924,0.0,30.895825,19.306312,0.0,11.86847
2026-05-03 23:00:00,18.474333,0.0,25.118914,18.742516,0.0,11.341176
2026-05-04 00:00:00,14.369428,0.0,22.336708,21.826391,0.0,12.065757
2026-05-04 01:00:00,15.390881,0.0,22.200806,17.738629,0.0,13.531248
2026-05-04 02:00:00,24.341504,0.0,23.501906,17.875856,0.0,11.590286
2026-05-04 03:00:00,16.606392,0.0,24.207735,20.66453,0.0,12.698055
2026-05-04 04:00:00,16.762708,0.0,23.948025,18.9151,0.0,12.311867
2026-05-04 05:00:00,19.541802,0.382783,20.944484,20.673778,7.995296,12.457752
2026-05-04 06:00:00,25.08306,1.941867,20.899372,23.143565,33.307816,11.766108
2026-05-04 07:00:00,22.097957,5.798374,41.970478,24.563238,110.203434,12.568055
2026-05-04 08:00:00,25.653758,15.190807,38.242663,29.86877,256.350349,11.828621
2026-05-04 09:00:00,23.575889,33.195646,33.936323,33.353508,577.858133,12.968543
2026-05-04 10:00:00,28.993274,33.146467,37.959013,35.072416,579.435303,12.087257
2026-05-04 11:00:00,26.145811,37.563859,34.7867,37.854649,716.013159,11.617264
2026-05-04 12:00:00,29.140625,35.991764,34.254899,36.895757,601.45025,12.419168
2026-05-04 13:00:00,32.728277,21.834275,32.721944,37.00668,405.406766,11.576124
2026-05-04 14:00:00,22.261731,15.014035,36.294441,35.032763,239.860035,11.706629
2026-05-04 15:00:00,20.712688,5.035355,36.906464,32.716074,94.738989,11.218034
2026-05-04 16:00:00,25.829891,2.019653,36.432536,27.624161,34.63491,12.479712
2026-05-04 17:00:00,25.292743,0.387985,40.45122,29.898489,7.049109,11.098914
2026-05-04 18:00:00,21.246628,0.0,44.486258,25.556273,4.361232,11.493427
2026-05-04 19:00:00,21.895117,0.0,43.986349,19.776758,1.333262,12.786725
2026-05-04 20:00:00,23.21566,0.0,45.470467,18.743452,0.0,12.423318
2026-05-04 21:00:00,27.199314,0.0,30.214053,18.118383,0.0,11.745928
2026-05-04 22:00:00,24.01904,0.0,33.942623,20.334562,0.0,11.989357
2026-05-04 23:00:00,30.989771,0.0,22.982173,21.167967,0.0,11.595968
2026-05-05 00:00:00,29.406276,0.0,22.537096,19.542932,0.0,11.549603
2026-05-05 01:00:00,21.799899,0.0,21.489815,20.222987,0.0,13.879702
2026-05-05 02:00:00,17.839616,0.0,23.347683,17.38761,0.0,12.976874
2026-05-05 03:00:00,20.116428,0.0,20.156872,20.112048,0.0,11.674847
2026-05-05 04:00:00,16.633821,0.0,23.109929,16.441115,0.0,10.751311
2026-05-05 05:00:00,16.46795,0.0,23.134723,17.926755,2.465745,12.254871
2026-05-05 06:00:00,23.995256,0.690909,23.598924,24.300807,11.848803,12.376372
2026-05-05 07:00:00,22.922692,1.801566,38.991565,26.187347,33.830733,12.01911
2026-05-05 08:00:00,18.114788,3.758277,38.858146,31.821946,72.155048,11.565527
2026-05-05 09:00:00,13.614636,8.452613,35.375823,34.305518,160.897877,11.833328
2026-05-05 10:00:00,16.744534,12.682777,38.092633,32.815009,211.283154,11.788435
2026-05-05 11:00:00,8.808826,16.244476,38.447348,36.289732,295.380564,13.004372
2026-05-05 12:00:00,17.208222,13.196601,34.571165,35.090692,261.251294,11.323537
2026-05-05 13:00:00,23.445766,7.04486,35.393468,37.014763,135.414246,11.27783
2026-05-05 14:00:00,27.992234,3.937629,42.74507,36.500961,76.137865,11.628999
2026-05-05 15:00:00,33.918982,1.049147,36.271101,32.221802,22.215748,13.043749
2026-05-05 16:00:00,30.543506,0.671555,37.231987,29.855532,12.186247,13.018607
2026-05-05 17:00:00,32.660509,0.0,33.431703,29.007589,2.823607,12.519947
2026-05-05 18:00:00,19.464175,0.0,39.525097,21.01143,1.13086,12.388001
2026-05-05 19:00:00,21.881031,0.0,40.137817,21.990099,0.445616,12.058393
2026-05-05 20:00:00,24.241187,0.0,42.796445,18.009275,0.0,11.130609
2026-05-05 21:00:00,31.05225,0.0,36.214909,18.211262,0.0,12.055419
2026-05-05 22:00:00,34.419299,0.0,32.050162,19.19373,0.0,11.730002
2026-05-05 23:00:00,32.799867,0.0,21.615432,19.710682,0.0,12.000803
2026-05-06 00:00:00,41.520243,0.0,25.173644,19.337509,0.0,11.952857
2026-05-06 01:00:00,38.756409,0.0,21.975248,17.410059,0.0,12.192489
2026-05-06 02:00:00,42.733359,0.0,24.569077,19.725079,0.0,12.446304
2026-05-06 03:00:00,45.6,0.0,25.949947,19.283542,0.0,11.78189
2026-05-06 04:00:00,37.367443,0.0,26.194737,17.587026,0.0,12.551748
2026-05-06 05:00:00,40.155,0.0,25.297984,20.323644,2.941938,11.155052
2026-05-06 06:00:00,27.550132,0.549925,22.832472,26.012596,10.382819,12.504656
2026-05-06 07:00:00,25.176017,2.286294,40.337982,27.710102,42.777869,11.733913
2026-05-06 08:00:00,27.042483,4.331639,35.881752,27.405013,72.615593,12.954003
2026-05-06 09:00:00,25.938669,7.957438,37.632868,32.91196,154.07556,11.266898
2026-05-06 10:00:00,25.432631,10.646639,35.23892,35.589894,189.438578,12.27898
2026-05-06 11:00:00,26.142698,15.597452,32.531547,35.72828,272.959504,12.025795
2026-05-06 12:00:00,21.983392,13.461338,34.752787,35.553735,247.104592,11.8479
2026-05-06 13:00:00,26.975182,8.91876,37.385746,38.067444,155.648862,11.517073
2026-05-06 14:00:00,24.607902,3.863464,37.872979,33.144615,70.673201,11.788311
2026-05-06 15:00:00,30.263538,1.634783,44.138908,33.240962,30.493697,12.168874
2026-05-06 16:00:00,30.301132,0.563052,41.798445,30.824986,10.233932,11.569535
2026-05-06 17:00:00,30.107066,0.0,35.996751,25.015459,2.970842,12.816172
2026-05-06 18:00:00,28.973436,0.0,38.971052,21.734074,1.099828,12.686611
2026-05-06 19:00:00,23.107811,0.0,42.142499,19.526296,0.433992,11.790489
2026-05-06 20:00:00,27.13606,0.0,40.458936,17.489505,0.0,12.159181
2026-05-06 21:00:00,31.206428,0.0,31.035244,21.209346,0.0,12.621326
2026-05-06 22:00:00,26.263007,0.0,29.966546,22.131419,0.0,12.852076
2026-05-06 23:00:00,23.137554,0.0,23.520072,22.371975,0.0,11.468824
2026-05-07 00:00:00,27.340914,0.0,22.971699,21.169493,0.0,12.088317
2026-05-07 01:00:00,30.389338,0.0,20.857253,19.708224,0.0,11.582314
2026-05-07 02:00:00,30.289713,0.0,24.919628,21.33375,0.0,12.521891
2026-05-07 03:00:00,30.452893,0.0,21.817363,20.613747,0.0,11.971562
2026-05-07 04:00:00,25.507196,0.0,23.472954,17.647412,0.0,12.171421
2026-05-07 05:00:00,26.662418,0.994063,22.601805,20.245451,17.317294,12.305574
2026-05-07 06:00:00,29.47036,2.777841,23.313381,23.536004,49.055318,11.694043
2026-05-07 07:00:00,34.300266,7.832631,39.364545,29.249054,156.495154,13.225564
2026-05-07 08:00:00,31.113228,26.292527,37.857199,30.973316,384.732529,12.281641
2026-05-07 09:00:00,37.862326,44.164681,36.858847,33.36925,810.379444,11.52566
2026-05-07 10:00:00,32.048734,60.330843,43.315,33.685815,1108.813315,11.906517
2026-05-07 11:00:00,30.226964,51.819083,35.877134,36.810527,997.905887,12.461171
2026-05-07 12:00:00,25.100954,56.067132,32.46006,35.481062,992.374845,11.360819
2026-05-07 13:00:00,29.704872,48.230485,36.145894,36.109496,831.131745,11.022808
2026-05-07 14:00:00,31.563836,24.450113,37.547961,35.540561,438.336461,11.178125
2026-05-07 15:00:00,33.245257,8.737664,35.38085,31.008613,151.997348,11.635259
2026-05-07 16:00:00,24.874949,2.492101,36.697526,29.057773,50.851966,11.365418
2026-05-07 17:00:00,19.145659,0.793908,37.491121,27.180858,13.307727,11.81519
2026-05-07 18:00:00,19.388525,0.358215,43.299718,26.097269,5.95839,11.85969
2026-05-07 19:00:00,22.428206,0.0,42.132983,20.831851,2.537711,12.08628
2026-05-07 20:00:00,22.966206,0.0,40.206895,20.406749,0.0,12.661985
2026-05-07 21:00:00,25.776676,0.0,34.71651,17.495139,0.0,13.380083
2026-05-07 22:00:00,30.326432,0.0,32.363242,21.651003,0.0,11.081681
2026-05-07 23:00:00,20.761197,0.0,21.937703,19.853149,0.0,11.522368
2026-05-08 00:00:00,24.795217,0.0,22.479254,17.529811,0.0,12.946487
2026-05-08 01:00:00,20.110348,0.0,21.984858,20.933589,0.0,12.377681
2026-05-08 02:00:00,26.503824,0.0,23.989293,20.74087,0.0,11.376223
2026-05-08 03:00:00,31.373406,0.0,23.112319,18.329908,0.0,12.208028
2026-05-08 04:00:00,32.159464,0.0,21.877489,20.144382,0.0,11.259241
2026-05-08 05:00:00,35.778006,1.028078,20.778041,19.461848,18.418504,12.62568
2026-05-08 06:00:00,30.29834,2.907777,22.049167,27.1254,51.460689,11.85658
2026-05-08 07:00:00,30.648174,8.511445,37.063734,30.186813,169.569625,12.288797
2026-05-08 08:00:00,27.975908,14.494425,41.356345,29.481201,264.358304,11.863179
2026-05-08 09:00:00,18.6585,38.533044,37.589817,31.430968,722.399523,10.810792
2026-05-08 10:00:00,28.362041,51.153024,37.06973,36.121853,960.778379,12.825326
2026-05-08 11:00:00,21.4923,62.0,34.270128,37.718834,1104.266051,11.448846
2026-05-08 12:00:00,20.280422,59.022843,33.915365,37.359878,1049.849046,12.421683
2026-05-08 13:00:00,19.614864,42.570624,35.837852,36.396259,777.802231,13.272125
2026-05-08 14:00:00,35.212013,26.263334,41.255638,35.862885,442.931433,12.471032
2026-05-08 15:00:00,30.518128,7.765631,38.492628,34.150368,146.391976,12.137215
2026-05-08 16:00:00,28.568398,3.539231,39.194779,29.403955,60.193183,12.512259
2026-05-08 17:00:00,28.598299,0.585426,37.971712,28.777192,10.91762,12.223168
2026-05-08 18:00:00,24.793211,0.394584,42.319694,24.167051,7.137632,12.035202
2026-05-08 19:00:00,23.199634,0.0,42.889994,19.503256,1.935078,11.910037
2026-05-08 20:00:00,26.042216,0.0,38.710597,17.850512,0.0,11.850243
2026-05-08 21:00:00,29.433274,0.0,33.935671,22.120277,0.0,11.189388
2026-05-08 22:00:00,27.432611,0.0,32.586335,20.013899,0.0,12.373853
2026-05-08 23:00:00,22.809965,0.0,23.351427,19.686362,0.0,12.542809
2026-05-09 00:00:00,21.942496,0.0,22.270704,15.771642,0.0,11.739953
2026-05-09 01:00:00,18.216504,0.0,22.598527,19.995787,0.0,10.716422
2026-05-09 02:00:00,21.054032,0.0,23.44358,18.354882,0.0,11.293066
2026-05-09 03:00:00,22.336291,0.0,23.203751,19.302623,0.0,12.122929
2026-05-09 04:00:00,21.997607,0.0,21.030681,17.45296,0.0,11.704865
2026-05-09 05:00:00,25.758109,0.544205,21.406771,19.228537,10.400736,11.885281
2026-05-09 06:00:00,34.292928,1.876844,23.20254,23.774004,33.25998,12.300771
2026-05-09 07:00:00,25.064021,5.299825,35.77665,27.121117,100.380638,11.03066
2026-05-09 08:00:00,27.86902,10.813055,36.780813,31.729006,214.57541,11.895823
2026-05-09 09:00:00,29.13006,18.217162,35.232622,34.484775,344.859349,12.669952
2026-05-09 10:00:00,31.492541,25.77019,40.14173,37.59405,520.500139,12.025556
2026-05-09 11:00:00,30.61845,24.746228,32.076549,35.690274,536.780173,12.088022
2026-05-09 12:00:00,29.995682,38.871859,35.655486,38.48996,657.113972,11.98131
2026-05-09 13:00:00,41.739579,25.390181,35.713436,36.850255,500.843304,12.359165
2026-05-09 14:00:00,30.394567,17.152259,39.886186,37.312574,293.266017,12.112579
2026-05-09 15:00:00,26.234596,4.858992,38.007527,33.447623,84.776549,13.185115
2026-05-09 16:00:00,26.376623,2.187854,39.421957,29.967204,39.631685,11.855295
2026-05-09 17:00:00,23.736761,0.457903,32.231888,27.670736,7.721042,12.46483
2026-05-09 18:00:00,30.877312,0.298682,42.93003,23.408215,5.134345,11.492894
2026-05-09 19:00:00,33.088206,0.0,39.983849,19.690099,1.518979,11.273491
2026-05-09 20:00:00,24.926984,0.0,48.280415,20.324547,0.0,12.853208
2026-05-09 21:00:00,16.458483,0.0,34.282919,21.838982,0.0,11.137631
2026-05-09 22:00:00,17.370201,0.0,33.353553,21.390652,0.0,11.276992
2026-05-09 23:00:00,22.221572,0.0,22.50348,16.501118,0.0,12.720752
2026-05-10 00:00:00,20.791649,0.0,24.519964,21.279809,0.0,12.815976
2026-05-10 01:00:00,25.981363,0.0,23.704342,21.487852,0.0,12.199715
2026-05-10 02:00:00,26.294808,0.0,21.151787,19.5099,0.0,11.479419
2026-05-10 03:00:00,24.835745,0.0,24.793504,20.207968,0.0,12.018392
2026-05-10 04:00:00,29.603286,0.0,22.786844,21.494763,0.0,12.39392
2026-05-10 05:00:00,31.502535,1.064685,22.974222,17.980064,17.506249,13.015439
2026-05-10 06:00:00,32.516734,3.014313,24.052494,23.340855,52.910576,11.22069
2026-05-10 07:00:00,32.414984,9.2892,39.318596,27.549073,155.511553,12.007598
2026-05-10 08:00:00,27.395066,22.972317,38.213825,31.006294,396.827023,11.107547
2026-05-10 09:00:00,28.701263,40.8186,32.319839,31.380407,659.42696,11.976876
2026-05-10 10:00:00,33.88649,62.0,39.372727,35.733686,1261.72626,11.254978
2026-05-10 11:00:00,35.751194,62.0,34.534203,35.124535,1354.136884,12.250734
2026-05-10 12:00:00,31.99925,60.333448,37.934006,35.7922,1062.582766,12.661935
2026-05-10 13:00:00,27.013447,38.759716,36.181804,34.628763,674.068473,11.037634
2026-05-10 14:00:00,25.696058,23.939322,41.622002,35.940416,444.241983,11.55551
2026-05-10 15:00:00,19.945058,10.083292,41.799659,33.160978,181.684764,13.032244
2026-05-10 16:00:00,23.596586,2.890117,39.444676,31.922081,58.078225,12.506176
2026-05-10 17:00:00,21.323909,0.775108,35.294731,24.998886,14.174994,12.152824
2026-05-10 18:00:00,25.334833,0.377984,42.587626,27.877607,7.695932,12.00667
2026-05-10 19:00:00,34.669206,0.0,44.2802,18.120318,2.805288,11.571255
2026-05-10 20:00:00,29.908188,0.0,46.497301,19.631404,0.0,13.105637
2026-05-10 21:00:00,30.875294,0.0,37.365354,19.260897,0.0,11.790795
2026-05-10 22:00:00,26.952716,0.0,35.039975,17.203375,0.0,12.614318
2026-05-10 23:00:00,37.640355,0.0,24.838083,17.741504,0.0,12.084433
2026-05-11 00:00:00,27.108715,0.0,24.291693,22.266333,0.0,12.01379
2026-05-11 01:00:00,29.665563,0.0,21.9466,18.835968,0.0,11.763315
2026-05-11 02:00:00,20.193046,0.0,24.475622,21.276848,0.0,11.622954
2026-05-11 03:00:00,23.124902,0.0,23.30217,19.5659,0.0,11.666477
2026-05-11 04:00:00,19.707571,0.0,23.050837,21.572323,0.0,13.229792
2026-05-11 05:00:00,26.767841,0.958488,23.778702,20.830411,18.821468,12.739202
2026-05-11 06:00:00,25.686382,2.71967,22.999873,23.078091,49.957123,12.825211
2026-05-11 07:00:00,18.562471,8.504839,38.137679,30.621375,173.294646,11.654775
2026-05-11 08:00:00,26.80348,18.625174,42.196502,30.474631,384.02542,12.067222
2026-05-11 09:00:00,30.385663,48.851844,38.310565,34.56285,870.342383,12.242029
2026-05-11 10:00:00,25.045927,62.0,38.209715,35.330672,1035.176192,12.274187
2026-05-11 11:00:00,24.406836,62.0,33.818695,34.091282,1156.950987,11.387414
2026-05-11 12:00:00,26.922187,47.769047,36.599914,37.674258,859.120874,10.89652
2026-05-11 13:00:00,21.808681,39.609875,33.782568,37.440472,621.980237,12.083754
2026-05-11 14:00:00,23.372513,21.275266,37.293412,34.771776,370.192733,12.194734
2026-05-11 15:00:00,35.898469,8.147721,41.315721,35.559466,143.24173,11.986239
2026-05-11 16:00:00,39.165699,2.022473,35.361428,29.579576,41.12227,11.939014
2026-05-11 17:00:00,35.536425,0.589141,33.719223,26.626916,11.877303,11.575845
2026-05-11 18:00:00,32.230343,0.42947,42.084651,25.809629,7.956289,11.872578
2026-05-11 19:00:00,33.612052,0.0,44.01885,19.5536,2.966119,11.575491
2026-05-11 20:00:00,27.676637,0.0,44.228833,20.977932,0.0,12.305373
2026-05-11 21:00:00,28.430486,0.0,33.908659,20.013515,0.0,12.588462
2026-05-11 22:00:00,31.870377,0.0,35.070485,19.833044,0.0,12.171539
2026-05-11 23:00:00,33.17873,0.0,23.21019,20.367342,0.0,11.602654
2026-05-12 00:00:00,44.24259,0.0,23.327805,19.620439,0.0,11.767181
2026-05-12 01:00:00,37.340572,0.0,21.848966,22.419306,0.0,11.750735
2026-05-12 02:00:00,27.150462,0.0,20.529191,18.966214,0.0,12.403207
2026-05-12 03:00:00,39.513466,0.0,20.594977,19.532613,0.0,12.561442
2026-05-12 04:00:00,32.704321,0.0,22.779191,22.061652,0.0,11.657671
2026-05-12 05:00:00,29.875203,0.664662,22.544088,19.257545,11.394031,11.280048
2026-05-12 06:00:00,26.765208,1.609516,23.827071,26.271709,34.144476,12.378731
2026-05-12 07:00:00,30.674535,6.046182,40.535099,28.911843,100.523613,12.473192
2026-05-12 08:00:00,31.306752,11.10191,41.605593,32.001765,226.168743,11.478013
2026-05-12 09:00:00,29.539543,22.701633,36.257478,30.773989,398.109699,10.937513
2026-05-12 10:00:00,36.860105,34.599687,36.795882,33.619147,567.697518,12.055589
2026-05-12 11:00:00,31.854488,47.032367,34.962225,38.90572,890.235491,12.456541
2026-05-12 12:00:00,22.707104,29.115014,36.27405,35.419481,536.716164,12.000998
2026-05-12 13:00:00,22.408137,22.226964,37.210156,37.094301,429.876183,10.481606
2026-05-12 14:00:00,22.739287,12.078766,41.057624,36.167696,216.853884,11.85057
2026-05-12 15:00:00,28.67673,5.091407,38.310296,32.55462,94.425557,12.138614
2026-05-12 16:00:00,32.263706,2.053557,38.072376,32.730601,38.256503,11.906118
2026-05-12 17:00:00,34.477113,0.423539,36.565658,28.429147,7.861601,11.36656
2026-05-12 18:00:00,42.015952,0.0,40.528798,24.765893,4.116384,12.874791
2026-05-12 19:00:00,40.532351,0.0,43.02838,19.685561,1.805457,11.930386
2026-05-12 20:00:00,30.477977,0.0,43.904152,19.81074,0.0,13.122215
2026-05-12 21:00:00,29.634638,0.0,32.409523,16.561366,0.0,13.64675
2026-05-12 22:00:00,32.560609,0.0,33.570458,18.886298,0.0,11.592654
2026-05-12 23:00:00,24.631094,0.0,23.028409,19.540078,0.0,10.92587
2026-05-13 00:00:00,24.896138,0.0,23.811729,19.688793,0.0,11.307483
2026-05-13 01:00:00,28.30415,0.0,25.046749,18.445414,0.0,11.011839
2026-05-13 02:00:00,22.621753,0.0,25.192399,20.847109,0.0,12.210012
2026-05-13 03:00:00,25.908634,0.0,21.503644,20.227358,0.0,11.734955
2026-05-13 04:00:00,20.280855,0.0,23.762374,18.312988,0.0,11.361462
2026-05-13 05:00:00,22.937835,1.028046,24.775839,19.388029,20.864724,12.215131
2026-05-13 06:00:00,23.835077,3.230125,22.852118,23.779422,62.508288,11.869495
2026-05-13 07:00:00,17.806357,7.670182,36.013753,24.85143,154.479472,12.394358
2026-05-13 08:00:00,27.896952,15.785865,39.857385,30.346309,322.290344,12.403104
2026-05-13 09:00:00,26.24477,38.902625,40.954647,31.293712,805.407063,11.08316
2026-05-13 10:00:00,19.234493,47.145125,44.866475,37.589943,935.022947,11.743445
2026-05-13 11:00:00,19.688421,46.554756,33.378839,36.226504,1030.941204,12.154748
2026-05-13 12:00:00,19.700474,62.0,35.978562,35.46862,1141.246525,12.03152
2026-05-13 13:00:00,14.667808,48.311455,32.635902,34.609719,826.17109,11.40094
2026-05-13 14:00:00,22.388823,24.813555,41.008524,36.275783,438.822528,12.731977
2026-05-13 15:00:00,29.91817,9.834857,38.346242,33.943824,177.846659,11.529821
2026-05-13 16:00:00,28.583637,3.52748,33.825525,32.962926,58.36042,11.991419
2026-05-13 17:00:00,38.683821,0.704743,35.093201,28.101764,13.604752,12.039454
2026-05-13 18:00:00,39.872128,0.315411,40.44621,24.207635,6.105918,12.796757
2026-05-13 19:00:00,38.63726,0.0,43.296136,19.328377,3.498891,11.549688
2026-05-13 20:00:00,30.817467,0.0,41.595205,18.494428,0.0,11.413651
2026-05-13 21:00:00,22.358292,0.0,33.097423,20.510157,0.0,13.027605
2026-05-13 22:00:00,20.096784,0.0,33.074211,20.665204,0.0,11.874373
2026-05-13 23:00:00,24.842437,0.0,23.384576,21.343896,0.0,11.873309
2026-05-14 00:00:00,18.762245,0.0,22.423279,19.210597,0.0,11.354688
2026-05-14 01:00:00,22.445112,0.0,21.586853,22.134415,0.0,12.185062
2026-05-14 02:00:00,18.485662,0.0,21.986561,19.88209,0.0,12.37295
2026-05-14 03:00:00,17.136347,0.0,22.607909,21.836964,0.0,11.634565
2026-05-14 04:00:00,13.504564,0.0,24.482858,20.72928,0.0,12.179091
2026-05-14 05:00:00,15.093471,0.969793,23.523631,19.762433,15.822753,11.5234
2026-05-14 06:00:00,18.856931,2.111534,25.891397,26.399904,37.312154,12.118695
2026-05-14 07:00:00,24.922103,6.186527,38.515434,27.998004,100.368116,12.133106
2026-05-14 08:00:00,18.025223,12.267212,36.891069,30.088389,250.193187,11.637975
2026-05-14 09:00:00,20.781851,26.194023,35.043635,32.003019,482.779411,12.364314
2026-05-14 10:00:00,22.690944,35.697594,39.732701,38.977745,688.9848,11.608851
2026-05-14 11:00:00,22.696255,39.960847,31.965154,36.772442,721.242289,11.44988
2026-05-14 12:00:00,20.807743,34.919313,35.369223,36.973953,643.403308,12.542586
2026-05-14 13:00:00,19.503485,25.174865,36.278148,37.737617,443.562631,12.528664
2026-05-14 14:00:00,20.546205,15.125716,43.092003,36.166883,262.642842,11.633108
2026-05-14 15:00:00,23.670704,5.222515,38.418759,32.653314,93.596305,11.962372
2026-05-14 16:00:00,23.403034,1.283754,40.766406,30.879034,23.758358,11.300511
2026-05-14 17:00:00,21.726671,0.322228,34.77292,27.726008,7.40645,12.671361
2026-05-14 18:00:00,20.972382,0.304607,42.570737,26.808758,5.504024,11.535052
2026-05-14 19:00:00,20.084268,0.0,49.995801,21.261439,1.485512,12.054182
2026-05-14 20:00:00,17.940555,0.0,44.688783,18.402026,0.0,10.976708
2026-05-14 21:00:00,22.332365,0.0,33.538244,21.526041,0.0,11.888231
2026-05-14 22:00:00,25.692778,0.0,30.99175,20.595881,0.0,13.109575
2026-05-14 23:00:00,24.0333,0.0,19.632778,21.463102,0.0,12.770949
2026-05-15 00:00:00,24.52008,0.0,24.106046,21.376051,0.0,11.632284
2026-05-15 01:00:00,27.244,0.0,22.026938,19.244949,0.0,12.676423
2026-05-15 02:00:00,31.236502,0.0,21.957033,19.398331,0.0,11.630624
2026-05-15 03:00:00,33.127275,0.0,23.469376,18.937918,0.0,12.452166
2026-05-15 04:00:00,30.80212,0.0,22.841802,21.98299,0.0,11.885352
2026-05-15 05:00:00,25.965319,0.676695,22.812121,20.882552,11.377686,11.390384
2026-05-15 06:00:00,26.75261,1.85719,23.928313,23.974169,30.403546,11.925319
2026-05-15 07:00:00,24.687871,8.113503,34.297119,30.727937,144.228393,12.067175
2026-05-15 08:00:00,16.971113,16.226933,42.633244,30.944018,297.803513,12.233407
2026-05-15 09:00:00,16.535164,21.018167,40.06378,34.499692,404.312688,12.632456
2026-05-15 10:00:00,12.705063,33.401426,35.731595,36.597773,679.70914,11.878442
2026-05-15 11:00:00,11.217224,38.251556,36.106271,36.796713,765.11395,12.637822
2026-05-15 12:00:00,11.369332,38.968471,33.726397,35.751534,704.367148,12.253388
2026-05-15 13:00:00,11.303374,21.417548,36.11755,38.804656,468.036405,11.175491
2026-05-15 14:00:00,16.589156,17.064565,39.799032,36.517182,310.984861,11.582258
2026-05-15 15:00:00,22.548963,7.56187,37.148519,34.872329,127.273989,12.765269
2026-05-15 16:00:00,15.795167,1.639521,37.239337,28.176606,29.148865,11.534158
2026-05-15 17:00:00,27.873006,0.359828,36.464755,30.522235,6.271108,12.016745
2026-05-15 18:00:00,25.697294,0.341936,43.449359,25.439161,5.704886,12.338313
2026-05-15 19:00:00,25.084444,0.0,47.2442,22.317643,1.902505,12.293199
2026-05-15 20:00:00,33.011533,0.0,47.533396,19.718226,0.0,12.33161
2026-05-15 21:00:00,45.6,0.0,31.373784,18.629172,0.0,12.258617
2026-05-15 22:00:00,42.695643,0.0,31.248501,23.383103,0.0,12.545428
2026-05-15 23:00:00,43.681626,0.0,21.670867,21.474866,0.0,12.842104
2026-05-16 00:00:00,41.846075,0.0,23.673141,20.962837,0.0,11.958767
2026-05-16 01:00:00,40.657287,0.0,21.727678,20.623018,0.0,11.386552
2026-05-16 02:00:00,33.41443,0.0,22.962128,20.909514,0.0,12.132274
2026-05-16 03:00:00,33.69528,0.0,25.032374,19.615334,0.0,11.847272
2026-05-16 04:00:00,29.645783,0.0,20.73113,21.309895,0.0,11.538806
2026-05-16 05:00:00,33.681226,0.7044,22.432892,22.743021,14.874771,12.177391
2026-05-16 06:00:00,35.568726,1.974101,22.855655,24.599593,37.285082,11.533613
2026-05-16 07:00:00,32.187739,6.393136,36.10065,26.809442,106.383704,12.238035
2026-05-16 08:00:00,28.727306,16.684635,38.700558,32.805592,294.09363,11.782033
2026-05-16 09:00:00,16.317442,24.399733,36.399118,35.273105,398.706847,11.76312
2026-05-16 10:00:00,15.487716,40.291773,39.523001,35.720724,776.966145,11.744526
2026-05-16 11:00:00,23.809419,30.716226,36.191014,37.168481,600.032609,11.850983
2026-05-16 12:00:00,23.34966,37.794864,37.577321,36.811261,605.868435,11.579028
2026-05-16 13:00:00,23.864226,23.044486,39.920007,37.505733,418.647473,12.203608
2026-05-16 14:00:00,24.421653,9.79885,41.178466,36.101491,173.628527,11.988301
2026-05-16 15:00:00,22.195101,5.828579,45.732617,32.704786,101.019796,11.582865
2026-05-16 16:00:00,23.528172,1.592482,36.31131,29.956477,32.889545,12.621809
2026-05-16 17:00:00,15.920185,0.50155,34.725326,31.311659,8.722461,12.907072
2026-05-16 18:00:00,14.392158,0.343847,41.530272,25.733701,5.975761,12.022354
2026-05-16 19:00:00,7.848805,0.0,43.893121,22.048992,1.936349,11.719189
2026-05-16 20:00:00,9.682261,0.0,41.048591,20.954005,0.0,10.674667
2026-05-16 21:00:00,15.468958,0.0,32.379569,21.31497,0.0,11.327958
2026-05-16 22:00:00,18.358014,0.0,30.58929,18.379517,0.0,11.562309
2026-05-16 23:00:00,23.967623,0.0,22.409453,19.992399,0.0,13.15849
2026-05-17 00:00:00,25.86397,0.0,22.551253,20.220186,0.0,10.708936
2026-05-17 01:00:00,30.157872,0.0,22.677992,21.367201,0.0,11.917952
2026-05-17 02:00:00,32.317659,0.0,22.215572,18.362672,0.0,11.328497
2026-05-17 03:00:00,38.658764,0.0,19.995306,21.98822,0.0,11.105796
2026-05-17 04:00:00,34.733014,0.0,21.476287,19.996077,0.0,13.146326
2026-05-17 05:00:00,29.23661,1.355242,22.448357,21.678148,23.739029,11.831743
2026-05-17 06:00:00,35.552342,2.818592,25.372922,25.998321,58.926411,11.364418
2026-05-17 07:00:00,34.148051,7.570898,37.584137,28.933712,151.758997,11.400615
2026-05-17 08:00:00,29.8304,18.685741,42.968082,30.746326,341.063642,11.950344
2026-05-17 09:00:00,29.831418,45.658504,33.250793,34.111523,867.147272,12.841635
2026-05-17 10:00:00,25.28675,61.848338,36.629188,35.78747,1061.150292,12.728155
2026-05-17 11:00:00,31.50082,62.0,37.62703,38.909249,1281.692481,11.160097
2026-05-17 12:00:00,33.285606,50.944737,32.736052,37.850715,1007.153503,11.887557
2026-05-17 13:00:00,23.758143,33.843411,36.529163,38.027978,617.962637,13.124605
2026-05-17 14:00:00,27.891445,23.757644,37.512572,34.058241,447.083399,12.19547
2026-05-17 15:00:00,22.60862,6.899549,36.88497,34.396697,125.820385,12.249222
2026-05-17 16:00:00,23.329612,3.327552,36.940464,30.321773,54.405891,11.205816
2026-05-17 17:00:00,35.099181,0.832789,35.440845,27.741983,14.459316,11.659218
2026-05-17 18:00:00,32.423434,0.531954,41.211871,27.254226,9.385315,12.580758
2026-05-17 19:00:00,30.605156,0.0,50.598779,20.012332,3.653917,11.516881
2026-05-17 20:00:00,30.65488,0.0,48.087096,19.409408,0.0,12.522143
2026-05-17 21:00:00,26.240322,0.0,33.324213,21.423629,0.0,11.694107
2026-05-17 22:00:00,29.479908,0.0,33.065381,21.278695,0.0,11.974183
2026-05-17 23:00:00,30.417977,0.0,23.141437,20.998818,0.0,11.620716
2026-05-18 00:00:00,24.357693,0.0,22.969987,21.534612,0.0,13.030743
2026-05-18 01:00:00,20.482514,0.0,21.619884,19.710263,0.0,12.183455
2026-05-18 02:00:00,15.4349,0.0,20.083783,20.095365,0.0,12.134459
2026-05-18 03:00:00,15.62932,0.0,24.574551,18.561073,0.0,11.221087
2026-05-18 04:00:00,21.690178,0.0,25.606897,19.771597,0.0,12.434845
2026-05-18 05:00:00,25.362954,1.056581,22.770288,20.319591,20.731572,12.743231
2026-05-18 06:00:00,29.709443,2.77421,23.368161,27.056834,50.074461,11.822156
2026-05-18 07:00:00,30.067925,6.814748,38.888128,28.746335,135.340748,12.60577
2026-05-18 08:00:00,29.745591,18.649951,42.753493,30.836918,345.62032,12.528677
2026-05-18 09:00:00,21.808356,49.077614,37.959622,34.301568,780.314986,11.453023
2026-05-18 10:00:00,25.839333,56.143534,40.111448,37.73991,1119.935619,10.89946
2026-05-18 11:00:00,25.810291,62.0,36.270621,33.252154,1094.49668,12.073238
2026-05-18 12:00:00,22.602261,58.961035,36.048165,36.68048,992.981045,13.043423
2026-05-18 13:00:00,25.394299,51.013329,33.253163,38.540406,901.570644,12.372658
2026-05-18 14:00:00,24.342597,20.915505,41.338481,37.02497,370.833722,10.179523
2026-05-18 15:00:00,26.624506,10.050545,43.291548,34.209279,173.808256,12.176321
2026-05-18 16:00:00,27.955929,3.411969,32.025531,30.246131,57.251869,11.711109
2026-05-18 17:00:00,30.954445,0.805876,39.403674,29.01625,15.078219,11.818433
2026-05-18 18:00:00,36.397263,0.570151,41.675732,23.183202,9.963161,12.493235
2026-05-18 19:00:00,34.726798,0.0,46.237238,20.164102,4.193938,12.505145
2026-05-18 20:00:00,30.739167,0.0,46.573556,21.148619,0.0,13.107981
2026-05-18 21:00:00,32.774779,0.0,32.754886,20.839366,0.0,12.321474
2026-05-18 22:00:00,30.387741,0.0,30.612627,21.097619,0.0,12.757874
2026-05-18 23:00:00,23.925688,0.0,23.226296,20.12499,0.0,13.167293
2026-05-19 00:00:00,21.233047,0.0,25.786097,20.185354,0.0,10.327021
2026-05-19 01:00:00,17.678112,0.0,23.801828,25.028512,0.0,11.333774
2026-05-19 02:00:00,19.393251,0.0,24.265828,21.032761,0.0,13.071611
2026-05-19 03:00:00,22.642546,0.0,24.194165,20.101896,0.0,11.574336
2026-05-19 04:00:00,18.595703,0.0,21.196873,18.301716,0.0,11.457403
2026-05-19 05:00:00,14.803317,1.175921,21.592501,16.116079,20.857716,11.707908
2026-05-19 06:00:00,14.630547,3.153877,23.599299,27.282964,51.128005,11.961345
2026-05-19 07:00:00,13.809884,8.441527,38.217224,29.326615,154.20748,11.428975
2026-05-19 08:00:00,14.640059,25.707352,39.227163,32.229819,451.972779,11.474427
2026-05-19 09:00:00,12.996959,39.830396,35.486674,31.997428,762.048296,12.320818
2026-05-19 10:00:00,20.112258,62.0,41.603258,38.228074,992.918907,13.079496
2026-05-19 11:00:00,19.375673,49.137247,36.119143,38.248907,1123.579947,12.148834
2026-05-19 12:00:00,24.50061,62.0,32.912454,36.422235,1278.46917,12.938632
2026-05-19 13:00:00,21.867711,39.993431,33.6933,36.497894,765.310398,11.229248
2026-05-19 14:00:00,20.022854,18.091107,42.237736,38.052318,334.141957,12.142843
2026-05-19 15:00:00,22.989118,8.459325,39.77054,35.555873,155.309659,12.622988
2026-05-19 16:00:00,21.333925,3.191266,37.65734,28.992696,54.56226,12.414246
2026-05-19 17:00:00,20.7367,0.841591,37.293512,27.70146,14.801726,12.237909
2026-05-19 18:00:00,17.852471,0.542667,47.126117,24.986294,9.062357,12.498769
2026-05-19 19:00:00,21.025621,0.0,36.992337,20.953767,3.487094,11.451486
2026-05-19 20:00:00,21.863168,0.0,44.197751,20.236662,0.0,12.6527
2026-05-19 21:00:00,21.256985,0.0,33.547581,19.305097,0.0,11.793597
2026-05-19 22:00:00,21.556902,0.0,37.134608,20.493918,0.0,10.66429
2026-05-19 23:00:00,20.722686,0.0,22.038774,20.886045,0.0,12.517203
2026-05-20 00:00:00,21.641754,0.0,23.32595,20.723989,0.0,11.918176
2026-05-20 01:00:00,22.191434,0.0,23.366754,20.768001,0.0,12.424395
2026-05-20 02:00:00,17.351089,0.0,20.698752,19.474004,0.0,12.491174
2026-05-20 03:00:00,20.472291,0.0,21.150256,21.787901,0.0,13.033119
2026-05-20 04:00:00,18.895358,0.0,24.626363,21.312309,0.0,11.397682
2026-05-20 05:00:00,33.519096,1.303273,25.289797,21.401687,23.361027,12.691347
2026-05-20 06:00:00,36.289298,2.921852,25.930739,23.832834,57.689907,12.098003
2026-05-20 07:00:00,36.516476,6.266603,40.484766,28.834464,117.128893,11.478486
2026-05-20 08:00:00,33.848796,18.665217,42.386134,31.607423,341.318436,11.478378
2026-05-20 09:00:00,24.605473,43.448885,36.568197,32.571455,785.707359,13.148908
2026-05-20 10:00:00,10.587779,55.037666,39.232138,37.48958,1160.955686,12.653347
2026-05-20 11:00:00,18.116885,62.0,34.377206,36.858805,1111.967483,11.994905
2026-05-20 12:00:00,24.346587,62.0,32.765621,37.257097,1177.890865,13.146415
2026-05-20 13:00:00,24.277377,36.894655,34.880426,37.690772,702.770654,11.969714
2026-05-20 14:00:00,13.77539,22.66608,41.696952,39.331314,406.426452,12.322567
2026-05-20 15:00:00,13.583282,7.548377,39.118863,36.804586,142.617032,12.427267
2026-05-20 16:00:00,15.385253,2.669586,34.590164,33.755768,50.361494,11.203759
2026-05-20 17:00:00,14.155543,0.533923,34.135879,26.608278,10.632737,10.791318
2026-05-20 18:00:00,18.774519,0.529179,40.385576,26.261202,8.778414,11.07371
2026-05-20 19:00:00,20.201353,0.0,46.749513,22.142265,3.23738,12.352061
2026-05-20 20:00:00,18.105255,0.0,42.770352,20.926825,0.0,11.861298
2026-05-20 21:00:00,29.185745,0.0,32.486931,18.367,0.0,12.694932
2026-05-20 22:00:00,21.522343,0.0,31.735905,20.084379,0.0,11.848259
2026-05-20 23:00:00,15.181693,0.0,24.079529,21.902929,0.0,12.279941
